-- ────────────────────────────────────────────────────────────────────────────
-- Migration 003 : Granny Noodles 初始菜单数据
--   ⭐ 带星菜品（杂酱面 / 碗豆杂酱面 / 牛肉面 / 辣子鸡面 / 麻辣猪蹄面 / 杂酱酸辣粉）
--      可选加「小料」组合修改项
-- ────────────────────────────────────────────────────────────────────────────

-- 1. 清理旧菜单（保留订单中的 item_id 引用，仅置 null）
DELETE FROM order_item_modifiers
  WHERE modifier_id IN (SELECT id FROM modifiers);
DELETE FROM modifiers;
DELETE FROM modifier_groups;
DELETE FROM menu_item_variants;
UPDATE order_items SET item_id = NULL, variant_id = NULL;
DELETE FROM menu_items;
DELETE FROM menu_categories;

-- 2. 更新餐厅信息
UPDATE restaurants
  SET name = 'Granny Noodles'
  WHERE id = '00000000-0000-0000-0000-000000000001';

UPDATE settings
  SET receipt_header  = 'Granny Noodles',
      receipt_footer  = 'Thank you / 感谢光临',
      currency        = 'GBP',
      tax_rate        = 0.2000,
      prices_include_tax = true,
      show_tax_on_receipt = false
  WHERE restaurant_id = '00000000-0000-0000-0000-000000000001';

-- ─── 分类 ────────────────────────────────────────────────────────────────────
INSERT INTO menu_categories (id, name_i18n, sort_order) VALUES
  ('30000000-0000-0000-0000-000000000001', '{"zh-CN":"重庆小面","en-GB":"Wheat Noodles"}',            1),
  ('30000000-0000-0000-0000-000000000002', '{"zh-CN":"干拌面","en-GB":"Dry Noodles"}',                2),
  ('30000000-0000-0000-0000-000000000003', '{"zh-CN":"酸辣粉","en-GB":"Hot & Sour Glass Noodles"}',   3),
  ('30000000-0000-0000-0000-000000000004', '{"zh-CN":"饮料","en-GB":"Soft Drinks"}',                  4),
  ('30000000-0000-0000-0000-000000000005', '{"zh-CN":"小吃","en-GB":"Side Dishes"}',                  5);

-- ─── 菜品 ────────────────────────────────────────────────────────────────────
-- 重庆小面
INSERT INTO menu_items (id, category_id, name_i18n, description_i18n, kitchen_group) VALUES
  ('40000000-0000-0000-0000-000000000001', '30000000-0000-0000-0000-000000000001',
    '{"zh-CN":"素小面","en-GB":"Vegan Xiao Mian"}',
    '{"zh-CN":"蔬菜，花生","en-GB":"Vegetables, Peanuts"}', 'kitchen'),

  ('40000000-0000-0000-0000-000000000002', '30000000-0000-0000-0000-000000000001',
    '{"zh-CN":"杂酱面","en-GB":"ZaJiang Noodles"}',
    '{"zh-CN":"肉末，蔬菜，花生","en-GB":"Minced Pork, Vegetables, Peanuts"}', 'kitchen'),

  ('40000000-0000-0000-0000-000000000003', '30000000-0000-0000-0000-000000000001',
    '{"zh-CN":"碗豆面","en-GB":"Peas Noodles"}',
    '{"zh-CN":"蔬菜，花生，豌豆","en-GB":"Vegetables, Peanuts, Peas"}', 'kitchen'),

  ('40000000-0000-0000-0000-000000000004', '30000000-0000-0000-0000-000000000001',
    '{"zh-CN":"碗豆杂酱面","en-GB":"ZaJiang & Peas Noodles"}',
    '{"zh-CN":"肉末，蔬菜，花生，豌豆","en-GB":"Minced Pork, Vegetables, Peanuts, Peas"}', 'kitchen'),

  ('40000000-0000-0000-0000-000000000005', '30000000-0000-0000-0000-000000000001',
    '{"zh-CN":"牛肉面","en-GB":"Beef Noodles"}',
    '{"zh-CN":"牛肉，蔬菜，花生","en-GB":"Beef, Vegetables, Peanuts"}', 'kitchen'),

  ('40000000-0000-0000-0000-000000000006', '30000000-0000-0000-0000-000000000001',
    '{"zh-CN":"麻辣牛肉面","en-GB":"Spicy Beef Noodles"}',
    '{"zh-CN":"麻辣牛肉，蔬菜，花生","en-GB":"Spicy Beef, Vegetables, Peanuts"}', 'kitchen'),

  ('40000000-0000-0000-0000-000000000007', '30000000-0000-0000-0000-000000000001',
    '{"zh-CN":"辣子鸡面","en-GB":"Sichuan Spicy Chicken Noodles"}',
    '{"zh-CN":"麻辣鸡肉，蔬菜，花生","en-GB":"Spicy Chicken, Vegetables, Peanuts"}', 'kitchen'),

  ('40000000-0000-0000-0000-000000000008', '30000000-0000-0000-0000-000000000001',
    '{"zh-CN":"麻辣猪蹄面","en-GB":"Mala Pork Trotter Noodles"}',
    '{"zh-CN":"麻辣猪蹄，蔬菜，花生","en-GB":"Spicy Trotter, Vegetables, Peanuts"}', 'kitchen'),

  ('40000000-0000-0000-0000-000000000009', '30000000-0000-0000-0000-000000000001',
    '{"zh-CN":"原汤猪蹄面","en-GB":"Braised Pork Trotter Noodles"}',
    '{"zh-CN":"猪蹄，蔬菜，花生","en-GB":"Trotter, Vegetables, Peanuts"}', 'kitchen'),

  ('40000000-0000-0000-0000-000000000010', '30000000-0000-0000-0000-000000000001',
    '{"zh-CN":"鸡汤面","en-GB":"Chicken Soup Noodles"}',
    '{"zh-CN":"鸡肉，蔬菜","en-GB":"Chicken, Vegetables"}', 'kitchen'),

  ('40000000-0000-0000-0000-000000000011', '30000000-0000-0000-0000-000000000001',
    '{"zh-CN":"猪肚鸡汤面","en-GB":"Pork Tripe Chicken Noodles"}',
    '{"zh-CN":"猪肚，鸡肉，蔬菜","en-GB":"Pork Tripe, Chicken, Vegetables"}', 'kitchen');

-- 干拌面
INSERT INTO menu_items (id, category_id, name_i18n, description_i18n, kitchen_group) VALUES
  ('40000000-0000-0000-0000-000000000012', '30000000-0000-0000-0000-000000000002',
    '{"zh-CN":"干馏小面","en-GB":"Chongqing Xiao Mian (Dry Style)"}',
    '{"zh-CN":"蔬菜，花生","en-GB":"Vegetables, Peanuts"}', 'kitchen'),

  ('40000000-0000-0000-0000-000000000013', '30000000-0000-0000-0000-000000000002',
    '{"zh-CN":"干馏杂酱小面","en-GB":"ZaJiang Noodles (Dry Style)"}',
    '{"zh-CN":"肉末，蔬菜，花生","en-GB":"Minced Pork, Vegetables, Peanuts"}', 'kitchen'),

  ('40000000-0000-0000-0000-000000000014', '30000000-0000-0000-0000-000000000002',
    '{"zh-CN":"干馏碗豆杂酱小面","en-GB":"ZaJiang & Peas Noodles (Dry Style)"}',
    '{"zh-CN":"蔬菜，花生，豌豆","en-GB":"Vegetables, Peanuts, Peas"}', 'kitchen');

-- 酸辣粉
INSERT INTO menu_items (id, category_id, name_i18n, description_i18n, kitchen_group) VALUES
  ('40000000-0000-0000-0000-000000000015', '30000000-0000-0000-0000-000000000003',
    '{"zh-CN":"素酸辣粉","en-GB":"Vegan Hot & Sour Glass Noodles"}',
    '{"zh-CN":"蔬菜，花生","en-GB":"Vegetables, Peanuts"}', 'kitchen'),

  ('40000000-0000-0000-0000-000000000016', '30000000-0000-0000-0000-000000000003',
    '{"zh-CN":"杂酱酸辣粉","en-GB":"ZaJiang Hot & Sour Glass Noodles"}',
    '{"zh-CN":"肉末，蔬菜，花生","en-GB":"Minced Pork, Vegetables, Peanuts"}', 'kitchen'),

  ('40000000-0000-0000-0000-000000000017', '30000000-0000-0000-0000-000000000003',
    '{"zh-CN":"无麸质酸辣粉","en-GB":"Gluten-free Vegan Glass Noodles"}',
    '{"zh-CN":"蔬菜，花生，豌豆","en-GB":"Vegetables, Peanuts, Peas"}', 'kitchen');

-- 饮料
INSERT INTO menu_items (id, category_id, name_i18n, description_i18n, kitchen_group) VALUES
  ('40000000-0000-0000-0000-000000000018', '30000000-0000-0000-0000-000000000004',
    '{"zh-CN":"雪碧","en-GB":"Sprite"}',               '{}', 'bar'),
  ('40000000-0000-0000-0000-000000000019', '30000000-0000-0000-0000-000000000004',
    '{"zh-CN":"可乐","en-GB":"Coca-Cola"}',             '{}', 'bar'),
  ('40000000-0000-0000-0000-000000000020', '30000000-0000-0000-0000-000000000004',
    '{"zh-CN":"芦荟汁","en-GB":"Aloe Vera Juice"}',    '{}', 'bar'),
  ('40000000-0000-0000-0000-000000000021', '30000000-0000-0000-0000-000000000004',
    '{"zh-CN":"王老吉","en-GB":"Wong Lo Kat Herbal Tea"}', '{}', 'bar'),
  ('40000000-0000-0000-0000-000000000022', '30000000-0000-0000-0000-000000000004',
    '{"zh-CN":"冰红茶","en-GB":"Iced Black Tea"}',     '{}', 'bar'),
  ('40000000-0000-0000-0000-000000000023', '30000000-0000-0000-0000-000000000004',
    '{"zh-CN":"冰绿茶","en-GB":"Iced Green Tea"}',     '{}', 'bar'),
  ('40000000-0000-0000-0000-000000000024', '30000000-0000-0000-0000-000000000004',
    '{"zh-CN":"酸梅汤","en-GB":"Sour Plum Drink"}',   '{}', 'bar'),
  ('40000000-0000-0000-0000-000000000025', '30000000-0000-0000-0000-000000000004',
    '{"zh-CN":"矿泉水","en-GB":"Mineral Water"}',      '{}', 'bar'),
  ('40000000-0000-0000-0000-000000000026', '30000000-0000-0000-0000-000000000004',
    '{"zh-CN":"气泡水","en-GB":"Sparkling Water"}',    '{}', 'bar');

-- 小吃
INSERT INTO menu_items (id, category_id, name_i18n, description_i18n, kitchen_group) VALUES
  ('40000000-0000-0000-0000-000000000027', '30000000-0000-0000-0000-000000000005',
    '{"zh-CN":"重庆手工豆干","en-GB":"Handmade Spiced Dried Tofu"}',
    '{"zh-CN":"重庆风味手工豆干","en-GB":"Chongqing Style"}', 'kitchen'),
  ('40000000-0000-0000-0000-000000000028', '30000000-0000-0000-0000-000000000005',
    '{"zh-CN":"凉拌黄瓜","en-GB":"Cucumber Salad"}',   '{}', 'kitchen'),
  ('40000000-0000-0000-0000-000000000029', '30000000-0000-0000-0000-000000000005',
    '{"zh-CN":"香橘猪蹄","en-GB":"Pork Trotter"}',     '{}', 'kitchen');

-- ─── 规格（每品单一规格，无大小） ───────────────────────────────────────────
INSERT INTO menu_item_variants (item_id, name_i18n, price, sort_order) VALUES
  -- 重庆小面
  ('40000000-0000-0000-0000-000000000001', '{"zh-CN":"标准","en-GB":"Standard"}', 10.80, 1),
  ('40000000-0000-0000-0000-000000000002', '{"zh-CN":"标准","en-GB":"Standard"}', 12.80, 1),
  ('40000000-0000-0000-0000-000000000003', '{"zh-CN":"标准","en-GB":"Standard"}', 11.80, 1),
  ('40000000-0000-0000-0000-000000000004', '{"zh-CN":"标准","en-GB":"Standard"}', 13.80, 1),
  ('40000000-0000-0000-0000-000000000005', '{"zh-CN":"标准","en-GB":"Standard"}', 13.80, 1),
  ('40000000-0000-0000-0000-000000000006', '{"zh-CN":"标准","en-GB":"Standard"}', 14.80, 1),
  ('40000000-0000-0000-0000-000000000007', '{"zh-CN":"标准","en-GB":"Standard"}', 15.80, 1),
  ('40000000-0000-0000-0000-000000000008', '{"zh-CN":"标准","en-GB":"Standard"}', 15.80, 1),
  ('40000000-0000-0000-0000-000000000009', '{"zh-CN":"标准","en-GB":"Standard"}', 14.80, 1),
  ('40000000-0000-0000-0000-000000000010', '{"zh-CN":"标准","en-GB":"Standard"}', 10.80, 1),
  ('40000000-0000-0000-0000-000000000011', '{"zh-CN":"标准","en-GB":"Standard"}', 17.80, 1),
  -- 干拌面
  ('40000000-0000-0000-0000-000000000012', '{"zh-CN":"标准","en-GB":"Standard"}', 10.80, 1),
  ('40000000-0000-0000-0000-000000000013', '{"zh-CN":"标准","en-GB":"Standard"}', 12.80, 1),
  ('40000000-0000-0000-0000-000000000014', '{"zh-CN":"标准","en-GB":"Standard"}', 13.80, 1),
  -- 酸辣粉
  ('40000000-0000-0000-0000-000000000015', '{"zh-CN":"标准","en-GB":"Standard"}', 11.80, 1),
  ('40000000-0000-0000-0000-000000000016', '{"zh-CN":"标准","en-GB":"Standard"}', 13.80, 1),
  ('40000000-0000-0000-0000-000000000017', '{"zh-CN":"标准","en-GB":"Standard"}', 12.80, 1),
  -- 饮料
  ('40000000-0000-0000-0000-000000000018', '{"zh-CN":"标准","en-GB":"Standard"}',  3.80, 1),
  ('40000000-0000-0000-0000-000000000019', '{"zh-CN":"标准","en-GB":"Standard"}',  3.80, 1),
  ('40000000-0000-0000-0000-000000000020', '{"zh-CN":"标准","en-GB":"Standard"}',  4.80, 1),
  ('40000000-0000-0000-0000-000000000021', '{"zh-CN":"标准","en-GB":"Standard"}',  3.80, 1),
  ('40000000-0000-0000-0000-000000000022', '{"zh-CN":"标准","en-GB":"Standard"}',  4.80, 1),
  ('40000000-0000-0000-0000-000000000023', '{"zh-CN":"标准","en-GB":"Standard"}',  4.80, 1),
  ('40000000-0000-0000-0000-000000000024', '{"zh-CN":"标准","en-GB":"Standard"}',  4.80, 1),
  ('40000000-0000-0000-0000-000000000025', '{"zh-CN":"标准","en-GB":"Standard"}',  2.00, 1),
  ('40000000-0000-0000-0000-000000000026', '{"zh-CN":"标准","en-GB":"Standard"}',  2.00, 1),
  -- 小吃
  ('40000000-0000-0000-0000-000000000027', '{"zh-CN":"标准","en-GB":"Standard"}',  4.80, 1),
  ('40000000-0000-0000-0000-000000000028', '{"zh-CN":"标准","en-GB":"Standard"}',  4.80, 1),
  ('40000000-0000-0000-0000-000000000029', '{"zh-CN":"标准","en-GB":"Standard"}',  8.00, 1);

-- ─── 加小料修改项组（仅限 ⭐ 带星菜品） ─────────────────────────────────────
-- 02 杂酱面 | 04 碗豆杂酱面 | 05 牛肉面
-- 07 辣子鸡面 | 08 麻辣猪蹄面 | 16 杂酱酸辣粉
INSERT INTO modifier_groups (id, item_id, name_i18n, min_select, max_select, sort_order) VALUES
  ('50000000-0000-0000-0000-000000000001', '40000000-0000-0000-0000-000000000002',
    '{"zh-CN":"加小料","en-GB":"Extra Toppings"}', 0, 5, 1),
  ('50000000-0000-0000-0000-000000000002', '40000000-0000-0000-0000-000000000004',
    '{"zh-CN":"加小料","en-GB":"Extra Toppings"}', 0, 5, 1),
  ('50000000-0000-0000-0000-000000000003', '40000000-0000-0000-0000-000000000005',
    '{"zh-CN":"加小料","en-GB":"Extra Toppings"}', 0, 5, 1),
  ('50000000-0000-0000-0000-000000000004', '40000000-0000-0000-0000-000000000007',
    '{"zh-CN":"加小料","en-GB":"Extra Toppings"}', 0, 5, 1),
  ('50000000-0000-0000-0000-000000000005', '40000000-0000-0000-0000-000000000008',
    '{"zh-CN":"加小料","en-GB":"Extra Toppings"}', 0, 5, 1),
  ('50000000-0000-0000-0000-000000000006', '40000000-0000-0000-0000-000000000016',
    '{"zh-CN":"加小料","en-GB":"Extra Toppings"}', 0, 5, 1);

-- ─── 小料选项（5 种 × 6 组，价格以 £ 计） ────────────────────────────────────
INSERT INTO modifiers (group_id, name_i18n, price_delta, sort_order) VALUES
  -- 组 1 杂酱面
  ('50000000-0000-0000-0000-000000000001', '{"zh-CN":"煎鸡蛋","en-GB":"Fried Egg"}',    1.50, 1),
  ('50000000-0000-0000-0000-000000000001', '{"zh-CN":"豌豆","en-GB":"Peas"}',            1.00, 2),
  ('50000000-0000-0000-0000-000000000001', '{"zh-CN":"杂酱","en-GB":"Minced Pork"}',     2.00, 3),
  ('50000000-0000-0000-0000-000000000001', '{"zh-CN":"蔬菜","en-GB":"Vegetables"}',      1.00, 4),
  ('50000000-0000-0000-0000-000000000001', '{"zh-CN":"牛肉","en-GB":"Beef"}',            4.00, 5),
  -- 组 2 碗豆杂酱面
  ('50000000-0000-0000-0000-000000000002', '{"zh-CN":"煎鸡蛋","en-GB":"Fried Egg"}',    1.50, 1),
  ('50000000-0000-0000-0000-000000000002', '{"zh-CN":"豌豆","en-GB":"Peas"}',            1.00, 2),
  ('50000000-0000-0000-0000-000000000002', '{"zh-CN":"杂酱","en-GB":"Minced Pork"}',     2.00, 3),
  ('50000000-0000-0000-0000-000000000002', '{"zh-CN":"蔬菜","en-GB":"Vegetables"}',      1.00, 4),
  ('50000000-0000-0000-0000-000000000002', '{"zh-CN":"牛肉","en-GB":"Beef"}',            4.00, 5),
  -- 组 3 牛肉面
  ('50000000-0000-0000-0000-000000000003', '{"zh-CN":"煎鸡蛋","en-GB":"Fried Egg"}',    1.50, 1),
  ('50000000-0000-0000-0000-000000000003', '{"zh-CN":"豌豆","en-GB":"Peas"}',            1.00, 2),
  ('50000000-0000-0000-0000-000000000003', '{"zh-CN":"杂酱","en-GB":"Minced Pork"}',     2.00, 3),
  ('50000000-0000-0000-0000-000000000003', '{"zh-CN":"蔬菜","en-GB":"Vegetables"}',      1.00, 4),
  ('50000000-0000-0000-0000-000000000003', '{"zh-CN":"牛肉","en-GB":"Beef"}',            4.00, 5),
  -- 组 4 辣子鸡面
  ('50000000-0000-0000-0000-000000000004', '{"zh-CN":"煎鸡蛋","en-GB":"Fried Egg"}',    1.50, 1),
  ('50000000-0000-0000-0000-000000000004', '{"zh-CN":"豌豆","en-GB":"Peas"}',            1.00, 2),
  ('50000000-0000-0000-0000-000000000004', '{"zh-CN":"杂酱","en-GB":"Minced Pork"}',     2.00, 3),
  ('50000000-0000-0000-0000-000000000004', '{"zh-CN":"蔬菜","en-GB":"Vegetables"}',      1.00, 4),
  ('50000000-0000-0000-0000-000000000004', '{"zh-CN":"牛肉","en-GB":"Beef"}',            4.00, 5),
  -- 组 5 麻辣猪蹄面
  ('50000000-0000-0000-0000-000000000005', '{"zh-CN":"煎鸡蛋","en-GB":"Fried Egg"}',    1.50, 1),
  ('50000000-0000-0000-0000-000000000005', '{"zh-CN":"豌豆","en-GB":"Peas"}',            1.00, 2),
  ('50000000-0000-0000-0000-000000000005', '{"zh-CN":"杂酱","en-GB":"Minced Pork"}',     2.00, 3),
  ('50000000-0000-0000-0000-000000000005', '{"zh-CN":"蔬菜","en-GB":"Vegetables"}',      1.00, 4),
  ('50000000-0000-0000-0000-000000000005', '{"zh-CN":"牛肉","en-GB":"Beef"}',            4.00, 5),
  -- 组 6 杂酱酸辣粉
  ('50000000-0000-0000-0000-000000000006', '{"zh-CN":"煎鸡蛋","en-GB":"Fried Egg"}',    1.50, 1),
  ('50000000-0000-0000-0000-000000000006', '{"zh-CN":"豌豆","en-GB":"Peas"}',            1.00, 2),
  ('50000000-0000-0000-0000-000000000006', '{"zh-CN":"杂酱","en-GB":"Minced Pork"}',     2.00, 3),
  ('50000000-0000-0000-0000-000000000006', '{"zh-CN":"蔬菜","en-GB":"Vegetables"}',      1.00, 4),
  ('50000000-0000-0000-0000-000000000006', '{"zh-CN":"牛肉","en-GB":"Beef"}',            4.00, 5);
